{"r2":0.5647081608875384,"mae":31.84536773629661,"_wandb":{"runtime":12},"_runtime":12,"feature_importance":{"format":"png","width":1000,"height":1000,"_type":"image-file","sha256":"3f8476a1a95128fe137ca8f1f119eaafee306a6fff3a02f3c52662b7609c36e5","size":28520,"path":"media/images/feature_importance_0_3f8476a1a95128fe137c.png"},"_timestamp":1.771248360993476e+09,"_step":0}