{"mae":32.140334659880075,"_wandb":{"runtime":9},"_runtime":9,"feature_importance":{"path":"media/images/feature_importance_0_52557ed4a19ef4570dbb.png","format":"png","width":1000,"height":1000,"_type":"image-file","sha256":"52557ed4a19ef4570dbbbcb07f3509c53aa3a66083019cdc9f64f7a54bfc95aa","size":28510},"_timestamp":1.7712484102362537e+09,"_step":0,"r2":0.5587347730532625}