{"_runtime":8,"feature_importance":{"format":"png","width":1000,"height":1000,"_type":"image-file","sha256":"5556b23ebe8dd1b35c11c57403a766ee0b261c4c66d9ec5c42c1fa817f7d1c7c","size":29039,"path":"media/images/feature_importance_0_5556b23ebe8dd1b35c11.png"},"_timestamp":1.771248567392057e+09,"_step":0,"r2":0.3545242065251055,"mae":41.5133626425634,"_wandb":{"runtime":8}}