{"_wandb":{"runtime":16},"_runtime":16,"_step":0,"feature_importance":{"path":"media/images/feature_importance_0_77e927254f9f139133f8.png","format":"png","width":1000,"height":1000,"_type":"image-file","sha256":"77e927254f9f139133f851fb2445053e4eadff2d08b2344db7e71fa470a9ea7e","size":28486},"_timestamp":1.7712485415161166e+09,"r2":0.5606803900850783,"mae":32.11230055831123}