{"mae":33.749395467598504,"_wandb":{"runtime":8},"_runtime":8,"_step":0,"feature_importance":{"height":1000,"_type":"image-file","sha256":"a1db8a3f659611692cca6aeb17586b4fed1144ce481f518f34b34456d5210c82","size":28529,"path":"media/images/feature_importance_0_a1db8a3f659611692cca.png","format":"png","width":1000},"_timestamp":1.7712482006683276e+09,"r2":0.5275804215172226}