{"_wandb":{"runtime":7},"_runtime":7,"_step":0,"feature_importance":{"path":"media/images/feature_importance_0_45097ae6512019b38918.png","format":"png","width":1000,"height":1000,"_type":"image-file","sha256":"45097ae6512019b38918872a8b8fdcb1369a75f4b203a38e98a259b5795bf8db","size":28529},"_timestamp":1.7712484330778227e+09,"r2":0.4356481227121958,"mae":37.948937756950826}