{"r2":0.5108018671100487,"mae":34.40849629627952,"_wandb":{"runtime":9},"_runtime":9,"feature_importance":{"format":"png","width":1000,"height":1000,"_type":"image-file","sha256":"6e0b031a6e7d4567076f7fddcd52ab788ab44b6c6268bad4dcc37a07307971c4","size":28540,"path":"media/images/feature_importance_0_6e0b031a6e7d4567076f.png"},"_timestamp":1.7712483314446325e+09,"_step":0}