{"_step":0,"r2":0.4657947137358651,"mae":36.51543657637289,"_wandb":{"runtime":13},"_runtime":13,"feature_importance":{"sha256":"b951dd224dad08b9d373494960f06fee71d1645cb6fb8965075d5fce5bdc575e","size":28525,"path":"media/images/feature_importance_0_b951dd224dad08b9d373.png","format":"png","width":1000,"height":1000,"_type":"image-file"},"_timestamp":1.7712483021718001e+09}