{"_timestamp":1.7712482492868803e+09,"_step":0,"r2":0.5614571131716459,"mae":31.98804176774266,"_wandb":{"runtime":10},"_runtime":10,"feature_importance":{"path":"media/images/feature_importance_0_ea81365cbdd49185a2b0.png","format":"png","width":1000,"height":1000,"_type":"image-file","sha256":"ea81365cbdd49185a2b0b3ed2b603a8849bf5bbc771763d69b9f492858d4ffba","size":28513}}