{"feature_importance":{"format":"png","width":1000,"height":1000,"_type":"image-file","sha256":"43ddeffd7ad36d97ca4feb60e9cf402c13fe83347c00f09148ad5545f885513d","size":28516,"path":"media/images/feature_importance_0_43ddeffd7ad36d97ca4f.png"},"_timestamp":1.771248274120838e+09,"r2":0.5602475506440261,"mae":32.13975360388711,"_wandb":{"runtime":11},"_runtime":11,"_step":0}