{"feature_importance":{"width":1000,"height":1000,"_type":"image-file","sha256":"6b27e05bbf24bf43f32f8ea39b8d5b2d1c9c481915e71aa4a5a688fe837bfc76","size":28523,"path":"media/images/feature_importance_0_6b27e05bbf24bf43f32f.png","format":"png"},"r2":0.5615518464763289,"mae":32.11360945459619,"_wandb":{"runtime":14},"_runtime":14,"_timestamp":1.7712485099950767e+09,"_step":0}