{"_timestamp":1.771247778246112e+09,"r2":0.5418810596809882,"mae":32.72188643865743,"_wandb":{"runtime":12},"_runtime":12,"_step":0,"feature_importance":{"path":"media/images/feature_importance_0_d2b60bf4f883f337c993.png","format":"png","width":1000,"height":1000,"_type":"image-file","sha256":"d2b60bf4f883f337c9936eeaddd7604acc12c073b1094c1b9e43b2ddb948b957","size":28534}}