{"_wandb":{"runtime":10},"_runtime":10,"feature_importance":{"path":"media/images/feature_importance_0_32a5546bc6a074581b18.png","format":"png","width":1000,"height":1000,"_type":"image-file","sha256":"32a5546bc6a074581b18caaa2cc4bc6e1e66047b9d6fa317de52520219e1722e","size":28530},"_timestamp":1.7712484780702221e+09,"_step":0,"r2":0.5654677011612748,"mae":31.900039973167154}