{"_wandb":{"runtime":9},"_runtime":9,"_step":0,"feature_importance":{"height":1000,"_type":"image-file","sha256":"96e709d139aae05df841c94d6449450c2459afc726b3c60e56678db2b3be45aa","size":29044,"path":"media/images/feature_importance_0_96e709d139aae05df841.png","format":"png","width":1000},"_timestamp":1.7712484545639706e+09,"r2":0.5264528129840662,"mae":33.68414780450042}