{"_step":0,"r2":0.5648219059067036,"mae":31.890213597616803,"_wandb":{"runtime":9},"_runtime":9,"feature_importance":{"width":1000,"height":1000,"_type":"image-file","sha256":"552b1dcef548633e1d6e6d80b49e0bdf4a62db76a27ba5571548f406459dcd26","size":28525,"path":"media/images/feature_importance_0_552b1dcef548633e1d6e.png","format":"png"},"_timestamp":1.77124822511813e+09}